"mass","mean","variance"
1.01699195410657,0,1.21377272671337
