"AGFH","AGFHRecon","HB","LM","FreqEB"
4.58723208585054,4.58723208585054,5.63508315985405,6.48727572787561,5.25730001442101
