"AGFH","AGFHRecon","HB","LM","FreqEB"
1.42997100301261,1.42997100301261,1.4420188126427,1.4494479082092,1.1817360253245
