"AGFH","AGFHRecon","HB","LM","FreqEB"
0.724305143574734,0.903606062754219,1.87015337374963,2.64215018978204,1.54600042661378
