"AGFH","AGFHRecon","HB","LM","FreqEB"
0.894395267708256,0.894395267708256,1.87015337374963,2.64215018978204,1.54600042661378
