"AGFH","AGFHRecon","HB","LM","FreqEB"
1.19318914895014,1.17252250019668,1.4420188126427,1.4494479082092,1.1817360253245
