"agfh.mse.mean","agfh.mse.sd","hb.mse.mean","hb.mse.sd","lm.mse.mean","lm.mse.sd","eb.mse.mean","eb.mse.sd"
3.5511248747897,2.13028960087523,2.91976623094215,1.77010707413066,3.54128645477703,1.88635224724811,2.95769685282705,1.81470901013103
