"AGFH","AGFHRecon","HB","LM","FreqEB"
0.483404002945803,0.483404002945803,0.541872086118762,0.648727572787564,0.525730001442089
