"AGFH","AGFHRecon","HB","LM","FreqEB"
59.2707381833717,55.3688711601278,4.73545422278875,4.50313223271912,4.26266518051755
