"AGFH","AGFHRecon","HB","LM","FreqEB"
4.04566381863532,4.04566381863532,3.89760986582621,4.37458288272385,3.08434672642351
