"mass","mean","variance"
1.08056162095684,0,1.39213024302049
