"mass","mean","variance"
1.15804326639493,0,1.55913546763325
