"AGFH","AGFHRecon","HB","LM","FreqEB"
0.452076290292842,0.452076290292842,0.803432272697165,0.868974645335859,0.802609227608791
