"agfh.mse.mean","agfh.mse.sd","hb.mse.mean","hb.mse.sd","lm.mse.mean","lm.mse.sd","eb.mse.mean","eb.mse.sd"
1.72466084578098,1.08677279477984,3.26877214883487,1.85743316174558,3.47423273326917,1.50114426775952,3.57285801618419,1.60002223749798
