"AGFH","AGFHRecon","HB","LM","FreqEB"
5.6426264544485,5.6426264544485,7.90679916005564,8.68974645335862,8.02609227608798
