"mass","mean","variance"
1.0031922237424,0,1.08395467519591
