"AGFH","AGFHRecon","HB","LM","FreqEB"
64.1604769249976,29.2018066639531,4.07332494463435,4.84462091526506,4.17992091044762
