"agfh.mse.mean","agfh.mse.sd","hb.mse.mean","hb.mse.sd","lm.mse.mean","lm.mse.sd","eb.mse.mean","eb.mse.sd"
8.05723776708171,7.56525200766488,3.78566086492853,3.12242896224436,4.29671702427087,3.08474429205923,4.21390214724248,3.70375912358264
