"AGFH","AGFHRecon","HB","LM","FreqEB"
0.544696737201794,0.544696737201794,0.508823311948983,0.529457344630278,0.486013840021723
