"AGFH","AGFHRecon","HB","LM","FreqEB"
4.70189618707656,4.70189618707656,4.46143908164876,4.67995131517484,3.47401138851556
