"mass","mean","variance"
1.20182482593053,0,1.11893894231734
