"agfh.mse.mean","agfh.mse.sd","hb.mse.mean","hb.mse.sd","lm.mse.mean","lm.mse.sd","eb.mse.mean","eb.mse.sd"
13.5402732645337,11.8285213913179,3.56466849840177,2.86948542999434,4.29671702427087,3.08474429205923,4.21390214724248,3.70375912358264
