"AGFH","AGFHRecon","HB","LM","FreqEB"
1.25330118336147,1.546577935826,1.4420188126427,1.4494479082092,1.1817360253245
