"mass","mean","variance"
0.990591211202524,0,1.57273692121029
