"AGFH","HB","LM","FreqEB"
7.76033572391482,3.13666373037952,3.07718988587863,8.14898281393682
