"agfh.mse.mean","agfh.mse.sd","hb.mse.mean","hb.mse.sd","lm.mse.mean","lm.mse.sd","eb.mse.mean","eb.mse.sd"
19.5988330897419,13.074264038736,4.16275131169884,3.8998027495978,3.72372232070991,1.97686863174278,5.51844032034702,6.99246254466671
