"AGFH_mean","AGFH_median","AGFH_map","HB","LM","FreqEB"
4.78999873729248,4.691289783134,4.47088472153852,5.28101320640263,4.69732289023377,4.69732289023376
