"AGFH_mean","AGFH_median","AGFH_map","HB","LM","FreqEB"
3.60292025053641,3.74101027405574,3.79611219775748,3.47730512272796,5.95806378317422,3.67358487751106
