"AGFH","AGFHRecon","HB","LM","FreqEB"
4.3150946126975,4.3150946126975,4.02834671879738,4.49385311088114,3.23154698971723
