"agfh.mse.mean","agfh.mse.sd","hb.mse.mean","hb.mse.sd","lm.mse.mean","lm.mse.sd","eb.mse.mean","eb.mse.sd"
0.935576908720052,0.478246829189743,4.26456620019636,2.49393780992881,5.0773856176775,2.87295905605647,3.95676196569183,2.23917040821058
