"agfh.mse.mean","agfh.mse.sd","hb.mse.mean","hb.mse.sd","lm.mse.mean","lm.mse.sd","eb.mse.mean","eb.mse.sd"
1.35654863633444,0.798761521001838,3.35818974809711,1.76863735355892,3.47423273326917,1.50114426775952,3.57285801618419,1.60002223749798
