"AGFH","AGFHRecon","HB","LM","FreqEB"
0.907535862807756,0.894940079266012,1.87015337374963,2.64215018978204,1.54600042661378
