"AGFH","AGFHRecon","HB","LM","FreqEB"
14.969319934589,14.969319934589,8.46548622667925,8.3482577708127,8.10883654615788
