"agfh.mse.mean","agfh.mse.sd","hb.mse.mean","hb.mse.sd","lm.mse.mean","lm.mse.sd","eb.mse.mean","eb.mse.sd"
17.3053166186406,12.6715826660906,4.28526278717368,3.88980777426074,3.72372232070991,1.97686863174278,5.51844032034702,6.99246254466671
