"AGFH","AGFHRecon","HB","LM","FreqEB"
59.8177506577446,63.0849495727998,4.73545422278875,4.50313223271912,4.26266518051755
