"agfh.mse.mean","agfh.mse.sd","hb.mse.mean","hb.mse.sd","lm.mse.mean","lm.mse.sd","eb.mse.mean","eb.mse.sd"
5.65752442064999,2.44812417120211,3.7170491615621,1.27520680581132,6.02162696704557,2.14747584767659,5.56084145074004,1.83589848769957
