"mass","mean","variance"
0.944558726754371,0,1.58061923073754
