"AGFH","HB","LM","FreqEB"
5.02870595617317,3.57567586920583,5.01526281642014,4.01494006236499
