"AGFH","AGFHRecon","HB","LM","FreqEB"
5.1585610858053,5.1585610858053,5.22597164292052,5.29457344630278,4.86013840021728
