"mass","mean","variance"
1.00494070322112,0,1.12299177559016
