"AGFH","AGFHRecon","HB","LM","FreqEB"
0.538467313692326,0.538467313692326,0.678684373038948,0.613102478479191,0.631279610967509
