"AGFH_mean","AGFH_median","AGFH_map","HB","LM","FreqEB"
4.79208990108494,4.77360849535612,4.69836354302109,4.86182789517701,4.69732289023377,4.69732289023376
