"agfh.mse.mean","agfh.mse.sd","hb.mse.mean","hb.mse.sd","lm.mse.mean","lm.mse.sd","eb.mse.mean","eb.mse.sd"
1.97332792117032,1.94816566122758,3.99431768483543,2.40258696065355,5.0773856176775,2.87295905605647,3.95676196569183,2.23917040821058
