"AGFH","AGFHRecon","HB","LM","FreqEB"
1.75192076589729,1.83850541580193,4.07332494463435,4.84462091526506,4.17992091044762
