"AGFH","AGFHRecon","HB","LM","FreqEB"
4.05316253119366,4.05316253119366,4.43651734907612,4.71410018342943,3.89107347385331
