"AGFH","AGFHRecon","HB","LM","FreqEB"
4.2108465792826,4.2108465792826,4.73545422278875,4.50313223271912,4.26266518051755
