"mass","mean","variance"
1.07343670069009,0,1.31457205530349
