"mass","mean","variance"
1.12015440068392,0,1.43846069193998
