"mass","mean","variance"
1.06134807916023,0,0.885576349678535
