"AGFH","AGFHRecon","HB","LM","FreqEB"
0.968736113498351,0.968736113498351,0.848644643113507,0.834825777081269,0.810883654615841
