"AGFH","AGFHRecon","HB","LM","FreqEB"
1.2285467887256,1.2285467887256,4.07332494463435,4.84462091526506,4.17992091044762
