"mass","mean","variance"
1.0056281180609,0,1.15816385238695
